{
  "train_loss": [
    0.1423603405803442,
    0.03933337741717696,
    0.02366435176646337,
    0.01915499896556139,
    0.015920668362174182,
    0.01619225588289555,
    0.016713963569374754,
    0.017423503327765502,
    0.016120112289790996,
    0.014465817384480033,
    0.015220916988095268,
    0.01725926661910489,
    0.014671627779898699,
    0.014095201996329706,
    0.01479770537695731
  ],
  "val_loss": [
    0.10631685664519569,
    0.07741690010128431,
    0.07318463845992622,
    0.07227629800913053,
    0.07216467768484294,
    0.07227461597425801,
    0.07241282184355405,
    0.07256058257979815,
    0.07269853019519457,
    0.07287054943593083,
    0.07296317874065397,
    0.07304517257016535,
    0.07313177370487879,
    0.07318360555650272,
    0.07322984842686846
  ],
  "train_f1": [],
  "val_f1": [
    0.9145394006659268,
    0.9145394006659268,
    0.9145394006659268,
    0.9145394006659268,
    0.9145394006659268,
    0.9145394006659268,
    0.9145394006659268,
    0.9145394006659268,
    0.9145394006659268,
    0.9145394006659268,
    0.9145394006659268,
    0.9145394006659268,
    0.9145394006659268,
    0.9145394006659268,
    0.9145394006659268
  ]
}